[{"id":"user-image-2.jpg","publicUrl":"np://user.desktop.nicepage.com/Site_85728898/images/2.jpg","size":58247,"fileName":"2.jpg","name":"2","width":706,"height":755,"thumbnail":{"url":"np://user.desktop.nicepage.com/Site_85728898/images/thumbnails/2.jpg","width":234,"height":250}},{"id":"user-image-1.jpg","publicUrl":"np://user.desktop.nicepage.com/Site_85728898/images/1.jpg","size":33282,"fileName":"1.jpg","name":"1","width":438,"height":442,"thumbnail":{"url":"np://user.desktop.nicepage.com/Site_85728898/images/thumbnails/1.jpg","width":248,"height":250}}]